{
  "mesh_info": {
    "vertices": 208815,
    "faces": 807740,
    "bounds_min": [
      -0.9997639060020447,
      -0.7507136464118958,
      -0.9983277320861816
    ],
    "bounds_max": [
      0.9603202939033508,
      0.7475720643997192,
      0.9587656259536743
    ],
    "size": [
      1.9600841999053955,
      1.498285710811615,
      1.957093358039856
    ],
    "surface_area": 8.422981558399703,
    "volume": null,
    "is_watertight": false
  },
  "grid_params": {},
  "squares": []
}