{
  "mesh_info": {
    "vertices": 86660,
    "faces": 272302,
    "bounds_min": [
      -0.9992172122001648,
      -0.9291027784347534,
      -0.14542919397354126
    ],
    "bounds_max": [
      0.9637189507484436,
      0.8905072808265686,
      0.10556913167238235
    ],
    "size": [
      1.9629361629486084,
      1.819610059261322,
      0.2509983256459236
    ],
    "surface_area": 3.8336775184213745,
    "volume": null,
    "is_watertight": false
  },
  "grid_params": {},
  "squares": []
}